image_name,original_path,group,class,split
OnlineDataset_Dataset#1_30ac8f0a.png,Online Dataset\Dataset #1\Finishing\Screenshot 2026-08-15 164503.png,Online Dataset\Dataset #1,finishing,test
OnlineDataset_Dataset#1_36ad1268.png,Online Dataset\Dataset #1\Finishing\Screenshot 2026-08-15 164454.png,Online Dataset\Dataset #1,finishing,test
OnlineDataset_Dataset#1_4090b9f5.png,Online Dataset\Dataset #1\Finishing\Screenshot 2026-08-15 164527.png,Online Dataset\Dataset #1,finishing,test
OnlineDataset_Dataset#1_4c7256ef.png,Online Dataset\Dataset #1\Finishing\Screenshot 2026-08-15 164426.png,Online Dataset\Dataset #1,finishing,test
OnlineDataset_Dataset#1_63ad107c.png,Online Dataset\Dataset #1\Finishing\Screenshot 2026-08-15 164438.png,Online Dataset\Dataset #1,finishing,test
OnlineDataset_Dataset#1_6ea1317d.png,Online Dataset\Dataset #1\Finishing\Screenshot 2026-08-15 164356.png,Online Dataset\Dataset #1,finishing,test
OnlineDataset_Dataset#1_75090c32.png,Online Dataset\Dataset #1\Finishing\Screenshot 2026-08-15 164520.png,Online Dataset\Dataset #1,finishing,test
OnlineDataset_Dataset#1_800a865b.png,Online Dataset\Dataset #1\Finishing\Screenshot 2026-08-15 164435.png,Online Dataset\Dataset #1,finishing,test
OnlineDataset_Dataset#1_898bad87.png,Online Dataset\Dataset #1\Finishing\Screenshot 2026-08-15 164500.png,Online Dataset\Dataset #1,finishing,test
OnlineDataset_Dataset#1_8e57bc0c.png,Online Dataset\Dataset #1\Finishing\Screenshot 2026-08-15 164511.png,Online Dataset\Dataset #1,finishing,test
OnlineDataset_Dataset#1_8ed3c4a5.png,Online Dataset\Dataset #1\Finishing\Screenshot 2026-08-15 164517.png,Online Dataset\Dataset #1,finishing,test
OnlineDataset_Dataset#1_9f22c49c.png,Online Dataset\Dataset #1\Finishing\Screenshot 2026-08-15 164444.png,Online Dataset\Dataset #1,finishing,test
OnlineDataset_Dataset#1_a7d93c6a.png,Online Dataset\Dataset #1\Finishing\Screenshot 2026-08-15 164411.png,Online Dataset\Dataset #1,finishing,test
OnlineDataset_Dataset#1_ccff7b43.png,Online Dataset\Dataset #1\Finishing\Screenshot 2026-08-15 164420.png,Online Dataset\Dataset #1,finishing,test
OnlineDataset_Dataset#1_cfe7b1ef.png,Online Dataset\Dataset #1\Finishing\Screenshot 2026-08-15 164446.png,Online Dataset\Dataset #1,finishing,test
OnlineDataset_Dataset#1_d68c7fd5.png,Online Dataset\Dataset #1\Finishing\Screenshot 2026-08-15 164523.png,Online Dataset\Dataset #1,finishing,test
OnlineDataset_Dataset#1_d80bab71.png,Online Dataset\Dataset #1\Finishing\Screenshot 2026-08-15 164533.png,Online Dataset\Dataset #1,finishing,test
OnlineDataset_Dataset#1_e6388d52.png,Online Dataset\Dataset #1\Finishing\Screenshot 2026-08-15 164406.png,Online Dataset\Dataset #1,finishing,test
OnlineDataset_Dataset#1_edcae961.png,Online Dataset\Dataset #1\Finishing\Screenshot 2026-08-15 164429.png,Online Dataset\Dataset #1,finishing,test
OnlineDataset_Dataset#1_0f886fb4.png,Online Dataset\Dataset #1\Foundation\Screenshot 2026-08-15 163529.png,Online Dataset\Dataset #1,foundation,test
OnlineDataset_Dataset#1_16462011.png,Online Dataset\Dataset #1\Foundation\Screenshot 2026-08-15 163238.png,Online Dataset\Dataset #1,foundation,test
OnlineDataset_Dataset#1_17f8b149.png,Online Dataset\Dataset #1\Foundation\Screenshot 2026-08-15 163326.png,Online Dataset\Dataset #1,foundation,test
OnlineDataset_Dataset#1_467ca1f7.png,Online Dataset\Dataset #1\Foundation\Screenshot 2026-08-15 163420.png,Online Dataset\Dataset #1,foundation,test
OnlineDataset_Dataset#1_4ca44be7.png,Online Dataset\Dataset #1\Foundation\Screenshot 2026-08-15 163612.png,Online Dataset\Dataset #1,foundation,test
OnlineDataset_Dataset#1_6bf3ab03.png,Online Dataset\Dataset #1\Foundation\Screenshot 2026-08-15 163249.png,Online Dataset\Dataset #1,foundation,test
OnlineDataset_Dataset#1_75fadfb3.png,Online Dataset\Dataset #1\Foundation\Screenshot 2026-08-15 163432.png,Online Dataset\Dataset #1,foundation,test
OnlineDataset_Dataset#1_95d94536.png,Online Dataset\Dataset #1\Foundation\Screenshot 2026-08-15 163559.png,Online Dataset\Dataset #1,foundation,test
OnlineDataset_Dataset#1_9758524b.png,Online Dataset\Dataset #1\Foundation\Screenshot 2026-08-15 163607.png,Online Dataset\Dataset #1,foundation,test
OnlineDataset_Dataset#1_98a7ad81.png,Online Dataset\Dataset #1\Foundation\Screenshot 2026-08-15 163438.png,Online Dataset\Dataset #1,foundation,test
OnlineDataset_Dataset#1_9e6e98e0.png,Online Dataset\Dataset #1\Foundation\Screenshot 2026-08-15 163539.png,Online Dataset\Dataset #1,foundation,test
OnlineDataset_Dataset#1_a67fa156.png,Online Dataset\Dataset #1\Foundation\Screenshot 2026-08-15 163313.png,Online Dataset\Dataset #1,foundation,test
OnlineDataset_Dataset#1_a847ba6c.png,Online Dataset\Dataset #1\Foundation\Screenshot 2026-08-15 163340.png,Online Dataset\Dataset #1,foundation,test
OnlineDataset_Dataset#1_b541dc8b.png,Online Dataset\Dataset #1\Foundation\Screenshot 2026-08-15 163242.png,Online Dataset\Dataset #1,foundation,test
OnlineDataset_Dataset#1_cc96f9d1.png,Online Dataset\Dataset #1\Foundation\Screenshot 2026-08-15 163318.png,Online Dataset\Dataset #1,foundation,test
OnlineDataset_Dataset#1_e7d6b1ff.png,Online Dataset\Dataset #1\Foundation\Screenshot 2026-08-15 163332.png,Online Dataset\Dataset #1,foundation,test
OnlineDataset_Dataset#1_08153fc4.png,Online Dataset\Dataset #1\Roofing\Screenshot 2026-08-15 164339.png,Online Dataset\Dataset #1,roofing,test
OnlineDataset_Dataset#1_1c70e5fd.png,Online Dataset\Dataset #1\Roofing\Screenshot 2026-08-15 164143.png,Online Dataset\Dataset #1,roofing,test
OnlineDataset_Dataset#1_1e33ef6a.png,Online Dataset\Dataset #1\Roofing\Screenshot 2026-08-15 164317.png,Online Dataset\Dataset #1,roofing,test
OnlineDataset_Dataset#1_2081e4c5.png,Online Dataset\Dataset #1\Roofing\Screenshot 2026-08-15 164252.png,Online Dataset\Dataset #1,roofing,test
OnlineDataset_Dataset#1_27266c87.png,Online Dataset\Dataset #1\Roofing\Screenshot 2026-08-15 164327.png,Online Dataset\Dataset #1,roofing,test
OnlineDataset_Dataset#1_344757ce.png,Online Dataset\Dataset #1\Roofing\Screenshot 2026-08-15 164228.png,Online Dataset\Dataset #1,roofing,test
OnlineDataset_Dataset#1_369d4825.png,Online Dataset\Dataset #1\Roofing\Screenshot 2026-08-15 164212.png,Online Dataset\Dataset #1,roofing,test
OnlineDataset_Dataset#1_46d84a2a.png,Online Dataset\Dataset #1\Roofing\Screenshot 2026-08-15 164135.png,Online Dataset\Dataset #1,roofing,test
OnlineDataset_Dataset#1_4c6e053e.png,Online Dataset\Dataset #1\Roofing\Screenshot 2026-08-15 164347.png,Online Dataset\Dataset #1,roofing,test
OnlineDataset_Dataset#1_513b659a.png,Online Dataset\Dataset #1\Roofing\Screenshot 2026-08-15 164259.png,Online Dataset\Dataset #1,roofing,test
OnlineDataset_Dataset#1_5e6a823e.png,Online Dataset\Dataset #1\Roofing\Screenshot 2026-08-15 164127.png,Online Dataset\Dataset #1,roofing,test
OnlineDataset_Dataset#1_835ea936.png,Online Dataset\Dataset #1\Roofing\Screenshot 2026-08-15 164306.png,Online Dataset\Dataset #1,roofing,test
OnlineDataset_Dataset#1_83b3a6ac.png,Online Dataset\Dataset #1\Roofing\Screenshot 2026-08-15 164244.png,Online Dataset\Dataset #1,roofing,test
OnlineDataset_Dataset#1_89d608b2.png,Online Dataset\Dataset #1\Roofing\Screenshot 2026-08-15 164120.png,Online Dataset\Dataset #1,roofing,test
OnlineDataset_Dataset#1_9f9677f4.png,Online Dataset\Dataset #1\Roofing\Screenshot 2026-08-15 164207.png,Online Dataset\Dataset #1,roofing,test
OnlineDataset_Dataset#1_c30e14f5.png,Online Dataset\Dataset #1\Roofing\Screenshot 2026-08-15 164332.png,Online Dataset\Dataset #1,roofing,test
OnlineDataset_Dataset#1_d9055eaa.png,Online Dataset\Dataset #1\Roofing\Screenshot 2026-08-15 164214.png,Online Dataset\Dataset #1,roofing,test
OnlineDataset_Dataset#1_da60a1f6.png,Online Dataset\Dataset #1\Roofing\Screenshot 2026-08-15 164157.png,Online Dataset\Dataset #1,roofing,test
OnlineDataset_Dataset#1_ddd7c8a8.png,Online Dataset\Dataset #1\Roofing\Screenshot 2026-08-15 164113.png,Online Dataset\Dataset #1,roofing,test
OnlineDataset_Dataset#1_ee30b083.png,Online Dataset\Dataset #1\Roofing\Screenshot 2026-08-15 164323.png,Online Dataset\Dataset #1,roofing,test
OnlineDataset_Dataset#1_f090aa9b.png,Online Dataset\Dataset #1\Roofing\Screenshot 2026-08-15 164149.png,Online Dataset\Dataset #1,roofing,test
OnlineDataset_Dataset#1_f781dc69.png,Online Dataset\Dataset #1\Roofing\Screenshot 2026-08-15 164236.png,Online Dataset\Dataset #1,roofing,test
OnlineDataset_Dataset#1_fd00bfbe.png,Online Dataset\Dataset #1\Roofing\Screenshot 2026-08-15 164221.png,Online Dataset\Dataset #1,roofing,test
OnlineDataset_Dataset#1_05437225.png,Online Dataset\Dataset #1\Structural\Screenshot 2026-08-15 163949.png,Online Dataset\Dataset #1,structural,test
OnlineDataset_Dataset#1_0a5c34b9.png,Online Dataset\Dataset #1\Structural\Screenshot 2026-08-15 164347.png,Online Dataset\Dataset #1,structural,test
OnlineDataset_Dataset#1_1284f1f0.png,Online Dataset\Dataset #1\Structural\Screenshot 2026-08-15 163840.png,Online Dataset\Dataset #1,structural,test
OnlineDataset_Dataset#1_1b6659fe.png,Online Dataset\Dataset #1\Structural\Screenshot 2026-08-15 163758.png,Online Dataset\Dataset #1,structural,test
OnlineDataset_Dataset#1_1c366649.png,Online Dataset\Dataset #1\Structural\Screenshot 2026-08-15 164106.png,Online Dataset\Dataset #1,structural,test
OnlineDataset_Dataset#1_1d79c316.png,Online Dataset\Dataset #1\Structural\Screenshot 2026-08-15 164041.png,Online Dataset\Dataset #1,structural,test
OnlineDataset_Dataset#1_1f962366.png,Online Dataset\Dataset #1\Structural\Screenshot 2026-08-15 163702.png,Online Dataset\Dataset #1,structural,test
OnlineDataset_Dataset#1_21e6fccb.png,Online Dataset\Dataset #1\Structural\Screenshot 2026-08-15 163958.png,Online Dataset\Dataset #1,structural,test
OnlineDataset_Dataset#1_26fc62c2.png,Online Dataset\Dataset #1\Structural\Screenshot 2026-08-15 163941.png,Online Dataset\Dataset #1,structural,test
OnlineDataset_Dataset#1_2bc7582b.png,Online Dataset\Dataset #1\Structural\Screenshot 2026-08-15 163752.png,Online Dataset\Dataset #1,structural,test
OnlineDataset_Dataset#1_2ffd2e18.png,Online Dataset\Dataset #1\Structural\Screenshot 2026-08-15 164228.png,Online Dataset\Dataset #1,structural,test
OnlineDataset_Dataset#1_304f4438.png,Online Dataset\Dataset #1\Structural\Screenshot 2026-08-15 163833.png,Online Dataset\Dataset #1,structural,test
OnlineDataset_Dataset#1_32ccbf10.png,Online Dataset\Dataset #1\Structural\Screenshot 2026-08-15 163934.png,Online Dataset\Dataset #1,structural,test
OnlineDataset_Dataset#1_351d9ef5.png,Online Dataset\Dataset #1\Structural\Screenshot 2026-08-15 164212.png,Online Dataset\Dataset #1,structural,test
OnlineDataset_Dataset#1_38380c48.png,Online Dataset\Dataset #1\Structural\Screenshot 2026-08-15 164031.png,Online Dataset\Dataset #1,structural,test
OnlineDataset_Dataset#1_4116c8bc.png,Online Dataset\Dataset #1\Structural\Screenshot 2026-08-15 164332.png,Online Dataset\Dataset #1,structural,test
OnlineDataset_Dataset#1_4438b0f9.png,Online Dataset\Dataset #1\Structural\Screenshot 2026-08-15 164045.png,Online Dataset\Dataset #1,structural,test
OnlineDataset_Dataset#1_47184c27.png,Online Dataset\Dataset #1\Structural\Screenshot 2026-08-15 163654.png,Online Dataset\Dataset #1,structural,test
OnlineDataset_Dataset#1_4927a5ef.png,Online Dataset\Dataset #1\Structural\Screenshot 2026-08-15 164149.png,Online Dataset\Dataset #1,structural,test
OnlineDataset_Dataset#1_515dcdce.png,Online Dataset\Dataset #1\Structural\Screenshot 2026-08-15 164323.png,Online Dataset\Dataset #1,structural,test
OnlineDataset_Dataset#1_51f779c7.png,Online Dataset\Dataset #1\Structural\Screenshot 2026-08-15 163617.png,Online Dataset\Dataset #1,structural,test
OnlineDataset_Dataset#1_52206d48.png,Online Dataset\Dataset #1\Structural\Screenshot 2026-08-15 164236.png,Online Dataset\Dataset #1,structural,test
OnlineDataset_Dataset#1_58f02646.png,Online Dataset\Dataset #1\Structural\Screenshot 2026-08-15 164207.png,Online Dataset\Dataset #1,structural,test
OnlineDataset_Dataset#1_5f345f7a.png,Online Dataset\Dataset #1\Structural\Screenshot 2026-08-15 164135.png,Online Dataset\Dataset #1,structural,test
OnlineDataset_Dataset#1_5fcfbcca.png,Online Dataset\Dataset #1\Structural\Screenshot 2026-08-15 164252.png,Online Dataset\Dataset #1,structural,test
OnlineDataset_Dataset#1_6177c5da.png,Online Dataset\Dataset #1\Structural\Screenshot 2026-08-15 163808.png,Online Dataset\Dataset #1,structural,test
OnlineDataset_Dataset#1_61c1bf2f.png,Online Dataset\Dataset #1\Structural\Screenshot 2026-08-15 164306.png,Online Dataset\Dataset #1,structural,test
OnlineDataset_Dataset#1_6a8d71c0.png,Online Dataset\Dataset #1\Structural\Screenshot 2026-08-15 164259.png,Online Dataset\Dataset #1,structural,test
OnlineDataset_Dataset#1_6fd2622f.png,Online Dataset\Dataset #1\Structural\Screenshot 2026-08-15 163638.png,Online Dataset\Dataset #1,structural,test
OnlineDataset_Dataset#1_766febc7.png,Online Dataset\Dataset #1\Structural\Screenshot 2026-08-15 164019.png,Online Dataset\Dataset #1,structural,test
OnlineDataset_Dataset#1_7c9b42a5.png,Online Dataset\Dataset #1\Structural\Screenshot 2026-08-15 164037.png,Online Dataset\Dataset #1,structural,test
OnlineDataset_Dataset#1_82e7a65d.png,Online Dataset\Dataset #1\Structural\Screenshot 2026-08-15 163802.png,Online Dataset\Dataset #1,structural,test
OnlineDataset_Dataset#1_85fa256a.png,Online Dataset\Dataset #1\Structural\Screenshot 2026-08-15 164327.png,Online Dataset\Dataset #1,structural,test
OnlineDataset_Dataset#1_89d5afab.png,Online Dataset\Dataset #1\Structural\Screenshot 2026-08-15 163805.png,Online Dataset\Dataset #1,structural,test
OnlineDataset_Dataset#1_8c88598f.png,Online Dataset\Dataset #1\Structural\Screenshot 2026-08-15 164339.png,Online Dataset\Dataset #1,structural,test
OnlineDataset_Dataset#1_9fc15b66.png,Online Dataset\Dataset #1\Structural\Screenshot 2026-08-15 163700.png,Online Dataset\Dataset #1,structural,test
OnlineDataset_Dataset#1_a319f7c7.png,Online Dataset\Dataset #1\Structural\Screenshot 2026-08-15 164157.png,Online Dataset\Dataset #1,structural,test
OnlineDataset_Dataset#1_a7250482.png,Online Dataset\Dataset #1\Structural\Screenshot 2026-08-15 164025.png,Online Dataset\Dataset #1,structural,test
OnlineDataset_Dataset#1_a7ea1360.png,Online Dataset\Dataset #1\Structural\Screenshot 2026-08-15 163646.png,Online Dataset\Dataset #1,structural,test
OnlineDataset_Dataset#1_a98565ba.png,Online Dataset\Dataset #1\Structural\Screenshot 2026-08-15 163732.png,Online Dataset\Dataset #1,structural,test
OnlineDataset_Dataset#1_a9976837.png,Online Dataset\Dataset #1\Structural\Screenshot 2026-08-15 163827.png,Online Dataset\Dataset #1,structural,test
OnlineDataset_Dataset#1_b140d27b.png,Online Dataset\Dataset #1\Structural\Screenshot 2026-08-15 163717.png,Online Dataset\Dataset #1,structural,test
OnlineDataset_Dataset#1_b198b88d.png,Online Dataset\Dataset #1\Structural\Screenshot 2026-08-15 164003.png,Online Dataset\Dataset #1,structural,test
OnlineDataset_Dataset#1_badc58d2.png,Online Dataset\Dataset #1\Structural\Screenshot 2026-08-15 164052.png,Online Dataset\Dataset #1,structural,test
OnlineDataset_Dataset#1_c15651a6.png,Online Dataset\Dataset #1\Structural\Screenshot 2026-08-15 163955.png,Online Dataset\Dataset #1,structural,test
OnlineDataset_Dataset#1_c22c667a.png,Online Dataset\Dataset #1\Structural\Screenshot 2026-08-15 163657.png,Online Dataset\Dataset #1,structural,test
OnlineDataset_Dataset#1_c5d41ee4.png,Online Dataset\Dataset #1\Structural\Screenshot 2026-08-15 163706.png,Online Dataset\Dataset #1,structural,test
OnlineDataset_Dataset#1_cb5d3899.png,Online Dataset\Dataset #1\Structural\Screenshot 2026-08-15 163748.png,Online Dataset\Dataset #1,structural,test
OnlineDataset_Dataset#1_cd6e0f28.png,Online Dataset\Dataset #1\Structural\Screenshot 2026-08-15 164244.png,Online Dataset\Dataset #1,structural,test
OnlineDataset_Dataset#1_cdc4c2f7.png,Online Dataset\Dataset #1\Structural\Screenshot 2026-08-15 164113.png,Online Dataset\Dataset #1,structural,test
OnlineDataset_Dataset#1_d2cfc333.png,Online Dataset\Dataset #1\Structural\Screenshot 2026-08-15 164214.png,Online Dataset\Dataset #1,structural,test
OnlineDataset_Dataset#1_d2d98b22.png,Online Dataset\Dataset #1\Structural\Screenshot 2026-08-15 163812.png,Online Dataset\Dataset #1,structural,test
OnlineDataset_Dataset#1_d371fa6c.png,Online Dataset\Dataset #1\Structural\Screenshot 2026-08-15 164317.png,Online Dataset\Dataset #1,structural,test
OnlineDataset_Dataset#1_d8fbe5db.png,Online Dataset\Dataset #1\Structural\Screenshot 2026-08-15 163631.png,Online Dataset\Dataset #1,structural,test
OnlineDataset_Dataset#1_dbec18b2.png,Online Dataset\Dataset #1\Structural\Screenshot 2026-08-15 163739.png,Online Dataset\Dataset #1,structural,test
OnlineDataset_Dataset#1_de3421bd.png,Online Dataset\Dataset #1\Structural\Screenshot 2026-08-15 164127.png,Online Dataset\Dataset #1,structural,test
OnlineDataset_Dataset#1_df0c9134.png,Online Dataset\Dataset #1\Structural\Screenshot 2026-08-15 164143.png,Online Dataset\Dataset #1,structural,test
OnlineDataset_Dataset#1_dfca89bc.png,Online Dataset\Dataset #1\Structural\Screenshot 2026-08-15 164010.png,Online Dataset\Dataset #1,structural,test
OnlineDataset_Dataset#1_e0f4f2d5.png,Online Dataset\Dataset #1\Structural\Screenshot 2026-08-15 163819.png,Online Dataset\Dataset #1,structural,test
OnlineDataset_Dataset#1_e7c38623.png,Online Dataset\Dataset #1\Structural\Screenshot 2026-08-15 164221.png,Online Dataset\Dataset #1,structural,test
OnlineDataset_Dataset#1_e9f65d0b.png,Online Dataset\Dataset #1\Structural\Screenshot 2026-08-15 163848.png,Online Dataset\Dataset #1,structural,test
OnlineDataset_Dataset#1_eaec358c.png,Online Dataset\Dataset #1\Structural\Screenshot 2026-08-15 164120.png,Online Dataset\Dataset #1,structural,test
OnlineDataset_Dataset#1_ee8c3a72.png,Online Dataset\Dataset #1\Structural\Screenshot 2026-08-15 163623.png,Online Dataset\Dataset #1,structural,test
OnlineDataset_Dataset#1_f06396e2.png,Online Dataset\Dataset #1\Structural\Screenshot 2026-08-15 163725.png,Online Dataset\Dataset #1,structural,test
OnlineDataset_Dataset#1_f57f2022.png,Online Dataset\Dataset #1\Structural\Screenshot 2026-08-15 163713.png,Online Dataset\Dataset #1,structural,test
AldeaGrove_3_001d04e3.jpg,Aldea Grove\3\Finishing\Front\1786766374550.jpg,Aldea Grove\3,finishing,train
AldeaGrove_3_0119aa67.jpg,Aldea Grove\3\Finishing\Front\1785912204725.jpg,Aldea Grove\3,finishing,train
AldeaGrove_3_03384fac.jpg,Aldea Grove\3\Finishing\Front Left Diagonal\1785912204572.jpg,Aldea Grove\3,finishing,train
AldeaGrove_3_07cd46cf.jpg,Aldea Grove\3\Finishing\Front\1785912120305.jpg,Aldea Grove\3,finishing,train
AldeaGrove_3_12c38918.jpg,Aldea Grove\3\Finishing\Front\1785911960912.jpg,Aldea Grove\3,finishing,train
AldeaGrove_3_12e28a39.jpg,Aldea Grove\3\Finishing\Front\1786766375138.jpg,Aldea Grove\3,finishing,train
AldeaGrove_3_16e1773a.jpg,Aldea Grove\3\Finishing\Front Left Diagonal\1785912081010.jpg,Aldea Grove\3,finishing,train
AldeaGrove_3_1b4edf5b.jpg,Aldea Grove\3\Finishing\Front Right Diagonal\1785912239435.jpg,Aldea Grove\3,finishing,train
AldeaGrove_3_1b65d481.jpg,Aldea Grove\3\Finishing\Front\1785911912614.jpg,Aldea Grove\3,finishing,train
AldeaGrove_3_24904f47.jpg,Aldea Grove\3\Finishing\Front Left Diagonal\1785912120255.jpg,Aldea Grove\3,finishing,train
AldeaGrove_3_298d140c.jpg,Aldea Grove\3\Finishing\Front Left Diagonal\1785912204623.jpg,Aldea Grove\3,finishing,train
AldeaGrove_3_2cd330a7.jpg,Aldea Grove\3\Finishing\Front Left Diagonal\1786766374983.jpg,Aldea Grove\3,finishing,train
AldeaGrove_3_317c5096.jpg,Aldea Grove\3\Finishing\Back\1785912120161.jpg,Aldea Grove\3,finishing,train
AldeaGrove_3_38f88b6a.jpg,Aldea Grove\3\Finishing\Front Left Diagonal\1785912204572(1).jpg,Aldea Grove\3,finishing,train
AldeaGrove_3_47857aef.jpg,Aldea Grove\3\Finishing\Front Left Diagonal\1785912204623(1).jpg,Aldea Grove\3,finishing,train
AldeaGrove_3_47a3dc8e.jpg,Aldea Grove\3\Finishing\Back Left Diagonal\1786766374501.jpg,Aldea Grove\3,finishing,train
AldeaGrove_3_4ffdb4b5.jpg,Aldea Grove\3\Finishing\Front Right Diagonal\1785912204468(1).jpg,Aldea Grove\3,finishing,train
AldeaGrove_3_58c67b9c.jpg,Aldea Grove\3\Finishing\Front\1785912204725(1).jpg,Aldea Grove\3,finishing,train
AldeaGrove_3_6ab59145.jpg,Aldea Grove\3\Finishing\Front Left Diagonal\1785912239368.jpg,Aldea Grove\3,finishing,train
AldeaGrove_3_6b018e1c.jpg,Aldea Grove\3\Finishing\Front\1785911381883.jpg,Aldea Grove\3,finishing,train
AldeaGrove_3_6eed026d.jpg,Aldea Grove\3\Finishing\Right\1785912204371(1).jpg,Aldea Grove\3,finishing,train
AldeaGrove_3_84b41eb8.jpg,Aldea Grove\3\Finishing\Front\1785911912588.jpg,Aldea Grove\3,finishing,train
AldeaGrove_3_862141c2.jpg,Aldea Grove\3\Finishing\Front\1785912081044.jpg,Aldea Grove\3,finishing,train
AldeaGrove_3_863d2798.jpg,Aldea Grove\3\Finishing\Front Right Diagonal\1785912204429.jpg,Aldea Grove\3,finishing,train
AldeaGrove_3_871f5249.jpg,Aldea Grove\3\Finishing\Back Left Diagonal\1786766374476.jpg,Aldea Grove\3,finishing,train
AldeaGrove_3_979fc09c.jpg,Aldea Grove\3\Finishing\Front Left Diagonal\1785912081026.jpg,Aldea Grove\3,finishing,train
AldeaGrove_3_9b759be2.jpg,Aldea Grove\3\Finishing\Front Right Diagonal\1785912204468.jpg,Aldea Grove\3,finishing,train
AldeaGrove_3_a60c6a73.jpg,Aldea Grove\3\Finishing\Front Right Diagonal\1785912120215.jpg,Aldea Grove\3,finishing,train
AldeaGrove_3_a87ca45b.jpg,Aldea Grove\3\Finishing\Front\1785911381518.jpg,Aldea Grove\3,finishing,train
AldeaGrove_3_a9908e8b.jpg,Aldea Grove\3\Finishing\Right\1786766374448.jpg,Aldea Grove\3,finishing,train
AldeaGrove_3_acd06c56.jpg,Aldea Grove\3\Finishing\Front\1785911960873.jpg,Aldea Grove\3,finishing,train
AldeaGrove_3_b061384c.jpg,Aldea Grove\3\Finishing\Front\1786766374527.jpg,Aldea Grove\3,finishing,train
AldeaGrove_3_b09340ad.jpg,Aldea Grove\3\Finishing\Front Left Diagonal\1785912120278.jpg,Aldea Grove\3,finishing,train
AldeaGrove_3_b47d0946.jpg,Aldea Grove\3\Finishing\Back Left Diagonal\1785912120176.jpg,Aldea Grove\3,finishing,train
AldeaGrove_3_b905fd25.jpg,Aldea Grove\3\Finishing\Front Right Diagonal\1785912204429(1).jpg,Aldea Grove\3,finishing,train
AldeaGrove_3_c2c049c1.jpg,Aldea Grove\3\Finishing\Front Right Diagonal\1785912080976.jpg,Aldea Grove\3,finishing,train
AldeaGrove_3_c6d0d029.jpg,Aldea Grove\3\Finishing\Front\1785912239399.jpg,Aldea Grove\3,finishing,train
AldeaGrove_3_cefed68f.jpg,Aldea Grove\3\Finishing\Front Left Diagonal\1785912239384.jpg,Aldea Grove\3,finishing,train
AldeaGrove_3_cff6032a.jpg,Aldea Grove\3\Finishing\Back Left Diagonal\1785912204217.jpg,Aldea Grove\3,finishing,train
AldeaGrove_3_d479f1ef.jpg,Aldea Grove\3\Finishing\Front Right Diagonal\1785912239414.jpg,Aldea Grove\3,finishing,train
AldeaGrove_3_d4bbc6c9.jpg,Aldea Grove\3\Finishing\Back Left Diagonal\1785912204217(1).jpg,Aldea Grove\3,finishing,train
AldeaGrove_3_da8f11b0.jpg,Aldea Grove\3\Finishing\Front Right Diagonal\1786766375110.jpg,Aldea Grove\3,finishing,train
AldeaGrove_3_e2bcdbdf.jpg,Aldea Grove\3\Finishing\Back Left Diagonal\1786766375033.jpg,Aldea Grove\3,finishing,train
AldeaGrove_3_eeaba615.jpg,Aldea Grove\3\Finishing\Right\1786766375009.jpg,Aldea Grove\3,finishing,train
AldeaGrove_3_f02eeac6.jpg,Aldea Grove\3\Finishing\Front Right Diagonal\1785912080993.jpg,Aldea Grove\3,finishing,train
AldeaGrove_3_f3bebdb7.jpg,Aldea Grove\3\Finishing\Back Right Diagonal\1785912120148.jpg,Aldea Grove\3,finishing,train
AldeaGrove_3_fb5fbc26.jpg,Aldea Grove\3\Finishing\Front\1785911381915.jpg,Aldea Grove\3,finishing,train
AldeaGrove_3_fe627af0.jpg,Aldea Grove\3\Finishing\Front Right Diagonal\1785912120233.jpg,Aldea Grove\3,finishing,train
Paramjeet_14ebd057.jpg,Paramjeet\Foundation\IMG_0851.jpg,Paramjeet,foundation,train
Paramjeet_221d5162.jpg,Paramjeet\Foundation\IMG_0760.jpg,Paramjeet,foundation,train
Paramjeet_46c3333b.jpg,Paramjeet\Foundation\IMG_0761.jpg,Paramjeet,foundation,train
Paramjeet_585d3e91.jpg,Paramjeet\Foundation\IMG_0756.jpg,Paramjeet,foundation,train
Paramjeet_587dc8c3.jpg,Paramjeet\Foundation\IMG_0759.jpg,Paramjeet,foundation,train
Paramjeet_59523c5c.jpg,Paramjeet\Foundation\IMG_0847.jpg,Paramjeet,foundation,train
Paramjeet_6abb4555.jpg,Paramjeet\Foundation\IMG_0757.jpg,Paramjeet,foundation,train
Paramjeet_7695a3a6.jpg,Paramjeet\Foundation\IMG_0843.jpg,Paramjeet,foundation,train
Paramjeet_837282d4.jpg,Paramjeet\Foundation\IMG_0762.jpg,Paramjeet,foundation,train
Paramjeet_8e17b611.jpg,Paramjeet\Foundation\IMG_0845.jpg,Paramjeet,foundation,train
Paramjeet_951ca57c.jpg,Paramjeet\Foundation\IMG_0850.jpg,Paramjeet,foundation,train
Paramjeet_bbbecb0a.jpg,Paramjeet\Foundation\IMG_0844.jpg,Paramjeet,foundation,train
Paramjeet_c5795a78.jpg,Paramjeet\Foundation\IMG_0842.jpg,Paramjeet,foundation,train
Paramjeet_d2f70ac3.jpg,Paramjeet\Foundation\IMG_0758.jpg,Paramjeet,foundation,train
Paramjeet_d674b941.jpg,Paramjeet\Foundation\IMG_0846.jpg,Paramjeet,foundation,train
Paramjeet_de797a4d.jpg,Paramjeet\Foundation\IMG_0848.jpg,Paramjeet,foundation,train
AldeaGrove_3_03d294b9.jpg,Aldea Grove\3\Roofing\Front\1783913720383.jpg,Aldea Grove\3,roofing,train
AldeaGrove_3_10de7546.jpg,Aldea Grove\3\Roofing\Back Right Diagonal\Copy of 1785911912457.jpg,Aldea Grove\3,roofing,train
AldeaGrove_3_18704d27.jpg,Aldea Grove\3\Roofing\Front Left Diagonal\Copy of 1785911381544.jpg,Aldea Grove\3,roofing,train
AldeaGrove_3_1abfa82e.jpg,Aldea Grove\3\Roofing\Front\1783913720266.jpg,Aldea Grove\3,roofing,train
AldeaGrove_3_1cb59cb4.jpg,Aldea Grove\3\Roofing\Front Left Diagonal\Copy of 1785911381861.jpg,Aldea Grove\3,roofing,train
AldeaGrove_3_1eb021af.jpg,Aldea Grove\3\Roofing\Back Right Diagonal\Copy of 1785912080914.jpg,Aldea Grove\3,roofing,train
AldeaGrove_3_260c8e2d.jpg,Aldea Grove\3\Roofing\Front Right Diagonal\1785911912518.jpg,Aldea Grove\3,roofing,train
AldeaGrove_3_3171efbd.jpg,Aldea Grove\3\Roofing\Front Right Diagonal\1785911912539.jpg,Aldea Grove\3,roofing,train
AldeaGrove_3_31b92e47.jpg,Aldea Grove\3\Roofing\Front\1783913720326.jpg,Aldea Grove\3,roofing,train
AldeaGrove_3_44bb5409.jpg,Aldea Grove\3\Roofing\Front Left Diagonal\Copy of 1785911381598.jpg,Aldea Grove\3,roofing,train
AldeaGrove_3_460b17bd.jpg,Aldea Grove\3\Roofing\Back Left Diagonal\1785912080940.jpg,Aldea Grove\3,roofing,train
AldeaGrove_3_48f4bffb.jpg,Aldea Grove\3\Roofing\Back Left Diagonal\1785911912483.jpg,Aldea Grove\3,roofing,train
AldeaGrove_3_49c35bcc.jpg,Aldea Grove\3\Roofing\Front Left Diagonal\Copy of 1785911381638.jpg,Aldea Grove\3,roofing,train
AldeaGrove_3_4a0b83d7.jpg,Aldea Grove\3\Roofing\Front\1783913720361.jpg,Aldea Grove\3,roofing,train
AldeaGrove_3_4de41a92.jpg,Aldea Grove\3\Roofing\Front Right Diagonal\1785911960741.jpg,Aldea Grove\3,roofing,train
AldeaGrove_3_672998c5.jpg,Aldea Grove\3\Roofing\Front Right Diagonal\1785911960769.jpg,Aldea Grove\3,roofing,train
AldeaGrove_3_74841b64.jpg,Aldea Grove\3\Roofing\Front Left Diagonal\Copy of 1785911381568.jpg,Aldea Grove\3,roofing,train
AldeaGrove_3_74aec086.jpg,Aldea Grove\3\Roofing\Right\Copy of 1785911960710.jpg,Aldea Grove\3,roofing,train
AldeaGrove_3_78f565aa.jpg,Aldea Grove\3\Roofing\Right\Copy of 1785912120193.jpg,Aldea Grove\3,roofing,train
AldeaGrove_3_7aff7581.jpg,Aldea Grove\3\Roofing\Front Left Diagonal\Copy of 1785911960841.jpg,Aldea Grove\3,roofing,train
AldeaGrove_3_7ffbfb34.jpg,Aldea Grove\3\Roofing\Back\Copy of 1785911912469.jpg,Aldea Grove\3,roofing,train
AldeaGrove_3_868ab525.jpg,Aldea Grove\3\Roofing\Front Left Diagonal\Copy of 1785911912556.jpg,Aldea Grove\3,roofing,train
AldeaGrove_3_9122782b.jpg,Aldea Grove\3\Roofing\Back Left Diagonal\1785911960685.jpg,Aldea Grove\3,roofing,train
AldeaGrove_3_9ebc2982.jpg,Aldea Grove\3\Roofing\Back\Copy of 1785911381690.jpg,Aldea Grove\3,roofing,train
AldeaGrove_3_a1cdbe52.jpg,Aldea Grove\3\Roofing\Front Right Diagonal\1785911381815.jpg,Aldea Grove\3,roofing,train
AldeaGrove_3_a384d24b.jpg,Aldea Grove\3\Roofing\Right\Copy of 1785911912500.jpg,Aldea Grove\3,roofing,train
AldeaGrove_3_a92083f2.jpg,Aldea Grove\3\Roofing\Front\1783913720295.jpg,Aldea Grove\3,roofing,train
AldeaGrove_3_b950742c.jpg,Aldea Grove\3\Roofing\Back Right Diagonal\Copy of 1785911960659.jpg,Aldea Grove\3,roofing,train
AldeaGrove_3_caf69a51.jpg,Aldea Grove\3\Roofing\Back\Copy of 1785912080926.jpg,Aldea Grove\3,roofing,train
AldeaGrove_3_dd2cac93.jpg,Aldea Grove\3\Roofing\Right\Copy of 1785912080954.jpg,Aldea Grove\3,roofing,train
AldeaGrove_3_e25492f9.jpg,Aldea Grove\3\Roofing\Front Right Diagonal\1785911381790.jpg,Aldea Grove\3,roofing,train
AldeaGrove_3_e54ea8fb.jpg,Aldea Grove\3\Roofing\Back\Copy of 1785911381659.jpg,Aldea Grove\3,roofing,train
AldeaGrove_3_ec71af9c.jpg,Aldea Grove\3\Roofing\Front Left Diagonal\Copy of 1785911381837.jpg,Aldea Grove\3,roofing,train
AldeaGrove_3_ef8f60d3.jpg,Aldea Grove\3\Roofing\Right\Copy of 1785911381722.jpg,Aldea Grove\3,roofing,train
AldeaGrove_3_f149ff3b.jpg,Aldea Grove\3\Roofing\Front Left Diagonal\Copy of 1785911912571.jpg,Aldea Grove\3,roofing,train
AldeaGrove_3_f5787717.jpg,Aldea Grove\3\Roofing\Right\Copy of 1785911381758.jpg,Aldea Grove\3,roofing,train
AldeaGrove_3_fd86f551.jpg,Aldea Grove\3\Roofing\Front Left Diagonal\Copy of 1785911960807.jpg,Aldea Grove\3,roofing,train
AldeaGrove_3_00b8636f.jpg,Aldea Grove\3\Structural\Back Right Diagonal\1785912080914.jpg,Aldea Grove\3,structural,train
AldeaGrove_3_08f2785b.jpg,Aldea Grove\3\Structural\Front Right Diagonal\Copy of 1785911381815.jpg,Aldea Grove\3,structural,train
AldeaGrove_3_12d4175c.jpg,Aldea Grove\3\Structural\Front Left Diagonal\1785911381861.jpg,Aldea Grove\3,structural,train
AldeaGrove_3_16ae4f0c.jpg,Aldea Grove\3\Structural\Front Left Diagonal\1785911381568.jpg,Aldea Grove\3,structural,train
AldeaGrove_3_18a32a79.jpg,Aldea Grove\3\Structural\Front Left Diagonal\1785911381544.jpg,Aldea Grove\3,structural,train
AldeaGrove_3_19cc3799.jpg,Aldea Grove\3\Structural\Right\Copy of Copy of 1785912120193.jpg,Aldea Grove\3,structural,train
AldeaGrove_3_1a1511ef.jpg,Aldea Grove\3\Structural\Front Left Diagonal\1785911912571.jpg,Aldea Grove\3,structural,train
AldeaGrove_3_2b50a01a.jpg,Aldea Grove\3\Structural\Front\Copy of 1783913720326.jpg,Aldea Grove\3,structural,train
AldeaGrove_3_326a8feb.jpg,Aldea Grove\3\Structural\Back Left Diagonal\Copy of 1785911912483.jpg,Aldea Grove\3,structural,train
AldeaGrove_3_3968d480.jpg,Aldea Grove\3\Structural\Front\Copy of 1783913720383.jpg,Aldea Grove\3,structural,train
AldeaGrove_3_3ba7e601.jpg,Aldea Grove\3\Structural\Right\Copy of Copy of 1785911381722.jpg,Aldea Grove\3,structural,train
AldeaGrove_3_3e40e1bf.jpg,Aldea Grove\3\Structural\Front Right Diagonal\Copy of 1785911960769.jpg,Aldea Grove\3,structural,train
AldeaGrove_3_420b7765.jpg,Aldea Grove\3\Structural\Right\Copy of Copy of 1785911381758.jpg,Aldea Grove\3,structural,train
AldeaGrove_3_44425957.jpg,Aldea Grove\3\Structural\Right\Copy of Copy of 1785912080954.jpg,Aldea Grove\3,structural,train
AldeaGrove_3_5648fb67.jpg,Aldea Grove\3\Structural\Front Left Diagonal\1785911381837.jpg,Aldea Grove\3,structural,train
AldeaGrove_3_62895512.jpg,Aldea Grove\3\Structural\Back\1785912080926.jpg,Aldea Grove\3,structural,train
AldeaGrove_3_67c22dd9.jpg,Aldea Grove\3\Structural\Back\1785911381690.jpg,Aldea Grove\3,structural,train
AldeaGrove_3_73863daf.jpg,Aldea Grove\3\Structural\Front Right Diagonal\Copy of 1785911912518.jpg,Aldea Grove\3,structural,train
AldeaGrove_3_7d71d52a.jpg,Aldea Grove\3\Structural\Front Left Diagonal\1785911381638.jpg,Aldea Grove\3,structural,train
AldeaGrove_3_7fd7853d.jpg,Aldea Grove\3\Structural\Right\Copy of Copy of 1785911912500.jpg,Aldea Grove\3,structural,train
AldeaGrove_3_82325859.jpg,Aldea Grove\3\Structural\Front Left Diagonal\1785911381598.jpg,Aldea Grove\3,structural,train
AldeaGrove_3_8388430f.jpg,Aldea Grove\3\Structural\Front Right Diagonal\Copy of 1785911381790.jpg,Aldea Grove\3,structural,train
AldeaGrove_3_877c845e.jpg,Aldea Grove\3\Structural\Back Right Diagonal\1785911912457.jpg,Aldea Grove\3,structural,train
AldeaGrove_3_8792c65a.jpg,Aldea Grove\3\Structural\Front\Copy of 1783913720361.jpg,Aldea Grove\3,structural,train
AldeaGrove_3_89e4b1c9.jpg,Aldea Grove\3\Structural\Front Left Diagonal\1785911912556.jpg,Aldea Grove\3,structural,train
AldeaGrove_3_8b5ff914.jpg,Aldea Grove\3\Structural\Front Left Diagonal\1785911960841.jpg,Aldea Grove\3,structural,train
AldeaGrove_3_8d0d1c89.jpg,Aldea Grove\3\Structural\Front\Copy of 1783913720295.jpg,Aldea Grove\3,structural,train
AldeaGrove_3_8fcd0bcd.jpg,Aldea Grove\3\Structural\Front Left Diagonal\1785911960807.jpg,Aldea Grove\3,structural,train
AldeaGrove_3_8fe8fc92.jpg,Aldea Grove\3\Structural\Front\Copy of 1783913720266.jpg,Aldea Grove\3,structural,train
AldeaGrove_3_91208769.jpg,Aldea Grove\3\Structural\Front Right Diagonal\Copy of 1785911912539.jpg,Aldea Grove\3,structural,train
AldeaGrove_3_a72db0bd.jpg,Aldea Grove\3\Structural\Right\Copy of Copy of 1785911960710.jpg,Aldea Grove\3,structural,train
AldeaGrove_3_a7b5dd6d.jpg,Aldea Grove\3\Structural\Front Right Diagonal\Copy of 1785911960741.jpg,Aldea Grove\3,structural,train
AldeaGrove_3_aa5f2882.jpg,Aldea Grove\3\Structural\Back Left Diagonal\Copy of 1785911960685.jpg,Aldea Grove\3,structural,train
AldeaGrove_3_ae55fc1e.jpg,Aldea Grove\3\Structural\Back Right Diagonal\1785911960659.jpg,Aldea Grove\3,structural,train
AldeaGrove_3_c31e664c.jpg,Aldea Grove\3\Structural\Back\1785911912469.jpg,Aldea Grove\3,structural,train
AldeaGrove_3_d42bcb6f.jpg,Aldea Grove\3\Structural\Back Left Diagonal\Copy of 1785912080940.jpg,Aldea Grove\3,structural,train
AldeaGrove_3_fd0fcbdf.jpg,Aldea Grove\3\Structural\Back\1785911381659.jpg,Aldea Grove\3,structural,train
Malinoville_0275896f.jpg,Malinoville\Structural\1785912172208.jpg,Malinoville,structural,train
Malinoville_030d5abc.jpg,Malinoville\Structural\1783150155534.jpg,Malinoville,structural,train
Malinoville_04769d96.jpg,Malinoville\Structural\1785911538883.jpg,Malinoville,structural,train
Malinoville_048972f9.jpg,Malinoville\Structural\1783913474177.jpg,Malinoville,structural,train
Malinoville_058fb24a.jpg,Malinoville\Structural\1783913473877.jpg,Malinoville,structural,train
Malinoville_063c1f68.jpg,Malinoville\Structural\1783150153315.jpg,Malinoville,structural,train
Malinoville_06728186.jpg,Malinoville\Structural\1783150154592.jpg,Malinoville,structural,train
Malinoville_073234ed.jpg,Malinoville\Structural\1783150152569.jpg,Malinoville,structural,train
Malinoville_0840069b.jpg,Malinoville\Structural\1785912019139.jpg,Malinoville,structural,train
Malinoville_0da6244c.jpg,Malinoville\Structural\1783150154452.jpg,Malinoville,structural,train
Malinoville_0f7f4115.jpg,Malinoville\Structural\1783150154112.jpg,Malinoville,structural,train
Malinoville_0ff50f70.jpg,Malinoville\Structural\1783150156043.jpg,Malinoville,structural,train
Malinoville_11c76523.jpg,Malinoville\Structural\1785911538966.jpg,Malinoville,structural,train
Malinoville_124c7b8e.jpg,Malinoville\Structural\1783913474190.jpg,Malinoville,structural,train
Malinoville_1385a592.jpg,Malinoville\Structural\1783913475090.jpg,Malinoville,structural,train
Malinoville_14b51983.jpg,Malinoville\Structural\1783150154808.jpg,Malinoville,structural,train
Malinoville_14e984fd.jpg,Malinoville\Structural\1785911614620.jpg,Malinoville,structural,train
Malinoville_1572f741.jpg,Malinoville\Structural\1783150155003.jpg,Malinoville,structural,train
Malinoville_18bbff1f.jpg,Malinoville\Structural\1783150153371.jpg,Malinoville,structural,train
Malinoville_1a4174b7.jpg,Malinoville\Structural\1783913474627.jpg,Malinoville,structural,train
Malinoville_1b3beac7.jpg,Malinoville\Structural\1783150155245.jpg,Malinoville,structural,train
Malinoville_1b7ec302.jpg,Malinoville\Structural\1783150154244.jpg,Malinoville,structural,train
Malinoville_1e09bd95.jpg,Malinoville\Structural\1785912019039.jpg,Malinoville,structural,train
Malinoville_1e4a33f0.jpg,Malinoville\Structural\1783150151696.jpg,Malinoville,structural,train
Malinoville_21574c73.jpg,Malinoville\Structural\1783913473913.jpg,Malinoville,structural,train
Malinoville_22115c58.jpg,Malinoville\Structural\1785912019058.jpg,Malinoville,structural,train
Malinoville_23511905.jpg,Malinoville\Structural\1783150153508.jpg,Malinoville,structural,train
Malinoville_2664ba7f.jpg,Malinoville\Structural\1783150154881.jpg,Malinoville,structural,train
Malinoville_27cb8cfd.jpg,Malinoville\Structural\1783150154348.jpg,Malinoville,structural,train
Malinoville_28528c93.jpg,Malinoville\Structural\1785911614534.jpg,Malinoville,structural,train
Malinoville_293d7381.jpg,Malinoville\Structural\1785912098802.jpg,Malinoville,structural,train
Malinoville_294a8674.jpg,Malinoville\Structural\1783150154036.jpg,Malinoville,structural,train
Malinoville_29cb0137.jpg,Malinoville\Structural\1783150153340.jpg,Malinoville,structural,train
Malinoville_2a3830e4.jpg,Malinoville\Structural\1783150152395.jpg,Malinoville,structural,train
Malinoville_2b1933fd.jpg,Malinoville\Structural\1783150151956.jpg,Malinoville,structural,train
Malinoville_2b99f2c1.jpg,Malinoville\Structural\1783913474694.jpg,Malinoville,structural,train
Malinoville_2c5e2919.jpg,Malinoville\Structural\1785911614767.jpg,Malinoville,structural,train
Malinoville_2f2e8554.jpg,Malinoville\Structural\1783150152945.jpg,Malinoville,structural,train
Malinoville_3209f904.jpg,Malinoville\Structural\1783150155321.jpg,Malinoville,structural,train
Malinoville_3323536b.jpg,Malinoville\Structural\1783913474901.jpg,Malinoville,structural,train
Malinoville_349769cc.jpg,Malinoville\Structural\1785912019074.jpg,Malinoville,structural,train
Malinoville_363d0838.jpg,Malinoville\Structural\1783150154270.jpg,Malinoville,structural,train
Malinoville_3828e784.jpg,Malinoville\Structural\1783150154424.jpg,Malinoville,structural,train
Malinoville_38e7a436.jpg,Malinoville\Structural\1783150154700.jpg,Malinoville,structural,train
Malinoville_396b87c1.jpg,Malinoville\Structural\1783913474745.jpg,Malinoville,structural,train
Malinoville_3a06209d.jpg,Malinoville\Structural\1783150155582.jpg,Malinoville,structural,train
Malinoville_3a1af30d.jpg,Malinoville\Structural\1783913474055.jpg,Malinoville,structural,train
Malinoville_3d518af4.jpg,Malinoville\Structural\1783913474397.jpg,Malinoville,structural,train
Malinoville_3e28bc2d.jpg,Malinoville\Structural\1783150156075.jpg,Malinoville,structural,train
Malinoville_3f4032ac.jpg,Malinoville\Structural\1783150153285.jpg,Malinoville,structural,train
Malinoville_4055b3d3.jpg,Malinoville\Structural\1785911291998.jpg,Malinoville,structural,train
Malinoville_4070c578.jpg,Malinoville\Structural\1783150154652.jpg,Malinoville,structural,train
Malinoville_411e61c8.jpg,Malinoville\Structural\1783150152852.jpg,Malinoville,structural,train
Malinoville_419ef038.jpg,Malinoville\Structural\1783150154569.jpg,Malinoville,structural,train
Malinoville_43c0aaf8.jpg,Malinoville\Structural\1783150153461.jpg,Malinoville,structural,train
Malinoville_440ea32f.jpg,Malinoville\Structural\1783913474010.jpg,Malinoville,structural,train
Malinoville_46256ae8.jpg,Malinoville\Structural\1783150154681.jpg,Malinoville,structural,train
Malinoville_4722ae2a.jpg,Malinoville\Structural\1785911538941.jpg,Malinoville,structural,train
Malinoville_4785f505.jpg,Malinoville\Structural\1785912019089.jpg,Malinoville,structural,train
Malinoville_47bdfcd7.jpg,Malinoville\Structural\1783913475049.jpg,Malinoville,structural,train
Malinoville_48268b39.jpg,Malinoville\Structural\1785911614725.jpg,Malinoville,structural,train
Malinoville_4a5c8f19.jpg,Malinoville\Structural\1783913474278.jpg,Malinoville,structural,train
Malinoville_4c1df186.jpg,Malinoville\Structural\1783913474837.jpg,Malinoville,structural,train
Malinoville_51200498.jpg,Malinoville\Structural\1785911292054.jpg,Malinoville,structural,train
Malinoville_52a75405.jpg,Malinoville\Structural\1783150155939.jpg,Malinoville,structural,train
Malinoville_543845e3.jpg,Malinoville\Structural\1783913474604.jpg,Malinoville,structural,train
Malinoville_555c46ee.jpg,Malinoville\Structural\1783913474671.jpg,Malinoville,structural,train
Malinoville_55cceb58.jpg,Malinoville\Structural\1783150155563.jpg,Malinoville,structural,train
Malinoville_5790dd80.jpg,Malinoville\Structural\1783150155817.jpg,Malinoville,structural,train
Malinoville_57b4bdb8.jpg,Malinoville\Structural\1783150151919.jpg,Malinoville,structural,train
Malinoville_57d01d29.jpg,Malinoville\Structural\1783150151391.jpg,Malinoville,structural,train
Malinoville_59389c89.jpg,Malinoville\Structural\1783150154749.jpg,Malinoville,structural,train
Malinoville_59d34192.jpg,Malinoville\Structural\1783150151524.jpg,Malinoville,structural,train
Malinoville_5b2f2ced.jpg,Malinoville\Structural\1783150155510.jpg,Malinoville,structural,train
Malinoville_5ddd2b1f.jpg,Malinoville\Structural\1783150154951.jpg,Malinoville,structural,train
Malinoville_5ec8affc.jpg,Malinoville\Structural\1783150153574.jpg,Malinoville,structural,train
Malinoville_5f17a4e4.jpg,Malinoville\Structural\1785911538916.jpg,Malinoville,structural,train
Malinoville_5f4d1065.jpg,Malinoville\Structural\1783913474129.jpg,Malinoville,structural,train
Malinoville_607058eb.jpg,Malinoville\Structural\1783913474649.jpg,Malinoville,structural,train
Malinoville_62c178da.jpg,Malinoville\Structural\1783150156130.jpg,Malinoville,structural,train
Malinoville_65997e3f.jpg,Malinoville\Structural\1783150156014.jpg,Malinoville,structural,train
Malinoville_661bb726.jpg,Malinoville\Structural\1783150154175.jpg,Malinoville,structural,train
Malinoville_671a1222.jpg,Malinoville\Structural\1783913474311.jpg,Malinoville,structural,train
Malinoville_67d132fc.jpg,Malinoville\Structural\1783913474103.jpg,Malinoville,structural,train
Malinoville_69184e5b.jpg,Malinoville\Structural\1783150155736.jpg,Malinoville,structural,train
Malinoville_699bfdfc.jpg,Malinoville\Structural\1783150152446.jpg,Malinoville,structural,train
Malinoville_69d7fed7.jpg,Malinoville\Structural\1783150154842.jpg,Malinoville,structural,train
Malinoville_6b269b41.jpg,Malinoville\Structural\1783150154390.jpg,Malinoville,structural,train
Malinoville_6cdf5c33.jpg,Malinoville\Structural\1783150155672.jpg,Malinoville,structural,train
Malinoville_6e50a97c.jpg,Malinoville\Structural\1785911538899.jpg,Malinoville,structural,train
Malinoville_71370bff.jpg,Malinoville\Structural\1783150155976.jpg,Malinoville,structural,train
Malinoville_737e44a6.jpg,Malinoville\Structural\1783150155892.jpg,Malinoville,structural,train
Malinoville_738b7d2e.jpg,Malinoville\Structural\1783150152322.jpg,Malinoville,structural,train
Malinoville_7403c064.jpg,Malinoville\Structural\1783150155426.jpg,Malinoville,structural,train
Malinoville_7487911d.jpg,Malinoville\Structural\1783150152526.jpg,Malinoville,structural,train
Malinoville_74be1c37.jpg,Malinoville\Structural\1783150155488.jpg,Malinoville,structural,train
Malinoville_75129902.jpg,Malinoville\Structural\1783150155918.jpg,Malinoville,structural,train
Malinoville_75ff6a71.jpg,Malinoville\Structural\1783150152978.jpg,Malinoville,structural,train
Malinoville_77498a53.jpg,Malinoville\Structural\1783150155183.jpg,Malinoville,structural,train
Malinoville_779c9950.jpg,Malinoville\Structural\1783150155357.jpg,Malinoville,structural,train
Malinoville_7bc67ff5.jpg,Malinoville\Structural\1783150152607.jpg,Malinoville,structural,train
Malinoville_7e912b73.jpg,Malinoville\Structural\1783150155216.jpg,Malinoville,structural,train
Malinoville_84dcaceb.jpg,Malinoville\Structural\1783150155607.jpg,Malinoville,structural,train
Malinoville_8665db20.jpg,Malinoville\Structural\1783913474217.jpg,Malinoville,structural,train
Malinoville_87e90ecd.jpg,Malinoville\Structural\1783150151869.jpg,Malinoville,structural,train
Malinoville_884fb40a.jpg,Malinoville\Structural\1783150155038.jpg,Malinoville,structural,train
Malinoville_89a03a7a.jpg,Malinoville\Structural\1783913474720.jpg,Malinoville,structural,train
Malinoville_89efc1a8.jpg,Malinoville\Structural\1783913474936.jpg,Malinoville,structural,train
Malinoville_8abad1ea.jpg,Malinoville\Structural\1783150154776.jpg,Malinoville,structural,train
Malinoville_8d844085.jpg,Malinoville\Structural\1783150154614.jpg,Malinoville,structural,train
Malinoville_90b51fe8.jpg,Malinoville\Structural\1785912172188.jpg,Malinoville,structural,train
Malinoville_90b8004b.jpg,Malinoville\Structural\1783150155632.jpg,Malinoville,structural,train
Malinoville_943c47e3.jpg,Malinoville\Structural\1783150153170.jpg,Malinoville,structural,train
Malinoville_94bd35f2.jpg,Malinoville\Structural\1783913473894.jpg,Malinoville,structural,train
Malinoville_950e437d.jpg,Malinoville\Structural\1783150155709.jpg,Malinoville,structural,train
Malinoville_956a4c50.jpg,Malinoville\Structural\1785911614801.jpg,Malinoville,structural,train
Malinoville_96dcd92c.jpg,Malinoville\Structural\1783150153038.jpg,Malinoville,structural,train
Malinoville_984857ba.jpg,Malinoville\Structural\1783150154545.jpg,Malinoville,structural,train
Malinoville_98b962c7.jpg,Malinoville\Structural\1783913473938.jpg,Malinoville,structural,train
Malinoville_9a54cb04.jpg,Malinoville\Structural\1783150152001.jpg,Malinoville,structural,train
Malinoville_9b9714aa.jpg,Malinoville\Structural\1785912172171.jpg,Malinoville,structural,train
Malinoville_9c576cfc.jpg,Malinoville\Structural\1783150152678.jpg,Malinoville,structural,train
Malinoville_9d93cb8b.jpg,Malinoville\Structural\1783150153403.jpg,Malinoville,structural,train
Malinoville_a02335e3.jpg,Malinoville\Structural\1783913474485.jpg,Malinoville,structural,train
Malinoville_a8620d1a.jpg,Malinoville\Structural\1783913474035.jpg,Malinoville,structural,train
Malinoville_a8904365.jpg,Malinoville\Structural\1783150151190.jpg,Malinoville,structural,train
Malinoville_a92e2c50.jpg,Malinoville\Structural\1783150152751.jpg,Malinoville,structural,train
Malinoville_aa0e8c3e.jpg,Malinoville\Structural\1783913474360.jpg,Malinoville,structural,train
Malinoville_aa8ff58c.jpg,Malinoville\Structural\1783150155123.jpg,Malinoville,structural,train
Malinoville_ab43c849.jpg,Malinoville\Structural\1785911292068.jpg,Malinoville,structural,train
Malinoville_ac6246e7.jpg,Malinoville\Structural\1783150151623.jpg,Malinoville,structural,train
Malinoville_ad758fa1.jpg,Malinoville\Structural\1783150152715.jpg,Malinoville,structural,train
Malinoville_ae66e653.jpg,Malinoville\Structural\1783150153246.jpg,Malinoville,structural,train
Malinoville_ae7a910b.jpg,Malinoville\Structural\1783913474770.jpg,Malinoville,structural,train
Malinoville_aeae59d5.jpg,Malinoville\Structural\1783150152875.jpg,Malinoville,structural,train
Malinoville_b05d2dbd.jpg,Malinoville\Structural\1783150155103.jpg,Malinoville,structural,train
Malinoville_b264c525.jpg,Malinoville\Structural\1783913474990.jpg,Malinoville,structural,train
Malinoville_b86a4c38.jpg,Malinoville\Structural\1785911538869.jpg,Malinoville,structural,train
Malinoville_b9143efd.jpg,Malinoville\Structural\1783150154478.jpg,Malinoville,structural,train
Malinoville_bc68ae47.jpg,Malinoville\Structural\1785911291972.jpg,Malinoville,structural,train
Malinoville_bcf22408.jpg,Malinoville\Structural\1783913474253.jpg,Malinoville,structural,train
Malinoville_bd8f789f.jpg,Malinoville\Structural\1783150154002.jpg,Malinoville,structural,train
Malinoville_c1486177.jpg,Malinoville\Structural\1783150154307.jpg,Malinoville,structural,train
Malinoville_c4285cba.jpg,Malinoville\Structural\1783150152650.jpg,Malinoville,structural,train
Malinoville_c4c2890e.jpg,Malinoville\Structural\1785911614659.jpg,Malinoville,structural,train
Malinoville_c501cd43.jpg,Malinoville\Structural\1783150154917.jpg,Malinoville,structural,train
Malinoville_c52ba5f7.jpg,Malinoville\Structural\1783150152898.jpg,Malinoville,structural,train
Malinoville_c8076704.jpg,Malinoville\Structural\1783150153201.jpg,Malinoville,structural,train
Malinoville_c8a91aa0.jpg,Malinoville\Structural\1783150151449.jpg,Malinoville,structural,train
Malinoville_c8ba4f1d.jpg,Malinoville\Structural\1783150155275.jpg,Malinoville,structural,train
Malinoville_c93e56e4.jpg,Malinoville\Structural\1783150152816.jpg,Malinoville,structural,train
Malinoville_ca6e1135.jpg,Malinoville\Structural\1785912019112.jpg,Malinoville,structural,train
Malinoville_caf14d82.jpg,Malinoville\Structural\1783150152063.jpg,Malinoville,structural,train
Malinoville_cc609eba.jpg,Malinoville\Structural\1783150155300.jpg,Malinoville,structural,train
Malinoville_cc6114ae.jpg,Malinoville\Structural\1783150151225.jpg,Malinoville,structural,train
Malinoville_cddfaaf9.jpg,Malinoville\Structural\1783913473969.jpg,Malinoville,structural,train
Malinoville_ce35f51a.jpg,Malinoville\Structural\1783150151341.jpg,Malinoville,structural,train
Malinoville_ce6518b0.jpg,Malinoville\Structural\1783150155861.jpg,Malinoville,structural,train
Malinoville_cf520686.jpg,Malinoville\Structural\1783913474079.jpg,Malinoville,structural,train
Malinoville_d13f2ea1.jpg,Malinoville\Structural\1785911292013.jpg,Malinoville,structural,train
Malinoville_d20c25c7.jpg,Malinoville\Structural\1783150155765.jpg,Malinoville,structural,train
Malinoville_d2ffe2e6.jpg,Malinoville\Structural\1783150153112.jpg,Malinoville,structural,train
Malinoville_d65b1e66.jpg,Malinoville\Structural\1785912098878.jpg,Malinoville,structural,train
Malinoville_d6bb4846.jpg,Malinoville\Structural\1783913474572.jpg,Malinoville,structural,train
Malinoville_d6e98935.jpg,Malinoville\Structural\1783150155791.jpg,Malinoville,structural,train
Malinoville_d716c951.jpg,Malinoville\Structural\1785911614588.jpg,Malinoville,structural,train
Malinoville_d7a2bf05.jpg,Malinoville\Structural\1783913474792.jpg,Malinoville,structural,train
Malinoville_d7abf976.jpg,Malinoville\Structural\1783150152249.jpg,Malinoville,structural,train
Malinoville_d897c4a7.jpg,Malinoville\Structural\1783150151277.jpg,Malinoville,structural,train
Malinoville_d9347e61.jpg,Malinoville\Structural\1785911291986.jpg,Malinoville,structural,train
Malinoville_db7ddc84.jpg,Malinoville\Structural\1783150155458.jpg,Malinoville,structural,train
Malinoville_de191fe1.jpg,Malinoville\Structural\1783913474543.jpg,Malinoville,structural,train
Malinoville_df088c1f.jpg,Malinoville\Structural\1783150154727.jpg,Malinoville,structural,train
Malinoville_e00622c6.jpg,Malinoville\Structural\1783150156095.jpg,Malinoville,structural,train
Malinoville_e0b38914.jpg,Malinoville\Structural\1783913474161.jpg,Malinoville,structural,train
Malinoville_e1330ba7.jpg,Malinoville\Structural\1783150155082.jpg,Malinoville,structural,train
Malinoville_e2567758.jpg,Malinoville\Structural\1783150154061.jpg,Malinoville,structural,train
Malinoville_e442069b.jpg,Malinoville\Structural\1783150154150.jpg,Malinoville,structural,train
Malinoville_e459aab6.jpg,Malinoville\Structural\1783150152153.jpg,Malinoville,structural,train
Malinoville_e72d3570.jpg,Malinoville\Structural\1785912098843.jpg,Malinoville,structural,train
Malinoville_e823fdec.jpg,Malinoville\Structural\1783913474812.jpg,Malinoville,structural,train
Malinoville_ed2edd9a.jpg,Malinoville\Structural\1783150153086.jpg,Malinoville,structural,train
Malinoville_ee39cf2e.jpg,Malinoville\Structural\1785911292034.jpg,Malinoville,structural,train
Malinoville_ee478194.jpg,Malinoville\Structural\1783150155157.jpg,Malinoville,structural,train
Malinoville_f00ed6e9.jpg,Malinoville\Structural\1783150154194.jpg,Malinoville,structural,train
Malinoville_f1a3564d.jpg,Malinoville\Structural\1783150154511.jpg,Malinoville,structural,train
Malinoville_f2686682.jpg,Malinoville\Structural\1783150152490.jpg,Malinoville,structural,train
Malinoville_f4b79f75.jpg,Malinoville\Structural\1783150153545.jpg,Malinoville,structural,train
Malinoville_f522f247.jpg,Malinoville\Structural\1783150151761.jpg,Malinoville,structural,train
Malinoville_f5bafba3.jpg,Malinoville\Structural\1783150154977.jpg,Malinoville,structural,train
Malinoville_f7b3dbb3.jpg,Malinoville\Structural\1783150154088.jpg,Malinoville,structural,train
Malinoville_f8eadb42.jpg,Malinoville\Structural\1783150155386.jpg,Malinoville,structural,train
Malinoville_f92ed886.jpg,Malinoville\Structural\1783913474451.jpg,Malinoville,structural,train
Malinoville_f94b1117.jpg,Malinoville\Structural\1783150154131.jpg,Malinoville,structural,train
Malinoville_fbd6b923.jpg,Malinoville\Structural\1783913474863.jpg,Malinoville,structural,train
Malinoville_fdd9ffdf.jpg,Malinoville\Structural\1783150153139.jpg,Malinoville,structural,train
Paramjeet_009b8b26.jpg,Paramjeet\Structural\IMG_0917.jpg,Paramjeet,structural,train
Paramjeet_0f71bc8a.jpg,Paramjeet\Structural\IMG_1028.jpg,Paramjeet,structural,train
Paramjeet_1440e0c5.jpg,Paramjeet\Structural\IMG_0955.jpg,Paramjeet,structural,train
Paramjeet_1e0c0d61.jpg,Paramjeet\Structural\IMG_1018.jpg,Paramjeet,structural,train
Paramjeet_260000eb.jpg,Paramjeet\Structural\IMG_0910.jpg,Paramjeet,structural,train
Paramjeet_26808300.jpg,Paramjeet\Structural\IMG_1020.jpg,Paramjeet,structural,train
Paramjeet_328f7d9e.jpg,Paramjeet\Structural\IMG_1027.jpg,Paramjeet,structural,train
Paramjeet_335381d1.jpg,Paramjeet\Structural\IMG_1025.jpg,Paramjeet,structural,train
Paramjeet_3498769f.jpg,Paramjeet\Structural\IMG_1045.jpg,Paramjeet,structural,train
Paramjeet_3d5a6c8e.jpg,Paramjeet\Structural\IMG_1046.jpg,Paramjeet,structural,train
Paramjeet_3de7bed1.jpg,Paramjeet\Structural\IMG_0954.jpg,Paramjeet,structural,train
Paramjeet_575003f7.jpg,Paramjeet\Structural\IMG_1023.jpg,Paramjeet,structural,train
Paramjeet_57e6103d.jpg,Paramjeet\Structural\IMG_0911.jpg,Paramjeet,structural,train
Paramjeet_5d5f0b39.jpg,Paramjeet\Structural\IMG_1019.jpg,Paramjeet,structural,train
Paramjeet_7792b163.jpg,Paramjeet\Structural\IMG_0958.jpg,Paramjeet,structural,train
Paramjeet_7a427909.jpg,Paramjeet\Structural\IMG_1048.jpg,Paramjeet,structural,train
Paramjeet_884a3be6.jpg,Paramjeet\Structural\IMG_0918.jpg,Paramjeet,structural,train
Paramjeet_95eda52d.jpg,Paramjeet\Structural\IMG_0914.jpg,Paramjeet,structural,train
Paramjeet_9681ba85.jpg,Paramjeet\Structural\IMG_1022.jpg,Paramjeet,structural,train
Paramjeet_9c2d2630.jpg,Paramjeet\Structural\IMG_1047.jpg,Paramjeet,structural,train
Paramjeet_9cb1cba6.jpg,Paramjeet\Structural\IMG_0956.jpg,Paramjeet,structural,train
Paramjeet_a60af16e.jpg,Paramjeet\Structural\IMG_0959.jpg,Paramjeet,structural,train
Paramjeet_ab6080e4.jpg,Paramjeet\Structural\IMG_1021.jpg,Paramjeet,structural,train
Paramjeet_ae16977b.jpg,Paramjeet\Structural\IMG_0957.jpg,Paramjeet,structural,train
Paramjeet_b25ecb45.jpg,Paramjeet\Structural\IMG_0912.jpg,Paramjeet,structural,train
Paramjeet_c6a0b359.jpg,Paramjeet\Structural\IMG_1026.jpg,Paramjeet,structural,train
Paramjeet_c6e2daef.jpg,Paramjeet\Structural\IMG_0915.jpg,Paramjeet,structural,train
Paramjeet_c869ebad.jpg,Paramjeet\Structural\IMG_1050.jpg,Paramjeet,structural,train
Paramjeet_d29dfbc8.jpg,Paramjeet\Structural\IMG_1049.jpg,Paramjeet,structural,train
Paramjeet_d9e80691.jpg,Paramjeet\Structural\IMG_0913.jpg,Paramjeet,structural,train
Paramjeet_dc7ad05b.jpg,Paramjeet\Structural\IMG_1017.jpg,Paramjeet,structural,train
Paramjeet_e0c46591.jpg,Paramjeet\Structural\IMG_0916.jpg,Paramjeet,structural,train
Paramjeet_e6638caf.jpg,Paramjeet\Structural\IMG_1024.jpg,Paramjeet,structural,train
Paramjeet_ed730aec.jpg,Paramjeet\Structural\IMG_0849.jpg,Paramjeet,structural,train
AldeaGrove_1_0c4a8051.jpg,Aldea Grove\1\Finishing\Left\1785911458354.jpg,Aldea Grove\1,finishing,validation
AldeaGrove_1_19730a54.jpg,Aldea Grove\1\Finishing\Front Left Diagonal\1785911458111.jpg,Aldea Grove\1,finishing,validation
AldeaGrove_1_1985e910.jpg,Aldea Grove\1\Finishing\Front\1785911458262.jpg,Aldea Grove\1,finishing,validation
AldeaGrove_1_2cf5bfe2.jpg,Aldea Grove\1\Finishing\Front Left Diagonal\1783913719995.jpg,Aldea Grove\1,finishing,validation
AldeaGrove_1_2d8ad425.jpg,Aldea Grove\1\Finishing\Front Left Diagonal\1785911458413.jpg,Aldea Grove\1,finishing,validation
AldeaGrove_1_2e224785.jpg,Aldea Grove\1\Finishing\Front\1785911458287.jpg,Aldea Grove\1,finishing,validation
AldeaGrove_1_2ef03bc7.jpg,Aldea Grove\1\Finishing\Back\1785911458310.jpg,Aldea Grove\1,finishing,validation
AldeaGrove_1_3028007c.jpg,Aldea Grove\1\Finishing\1786766374341.jpg,Aldea Grove\1,finishing,validation
AldeaGrove_1_345e1d14.jpg,Aldea Grove\1\Finishing\1786766374426.jpg,Aldea Grove\1,finishing,validation
AldeaGrove_1_3cf04e0b.jpg,Aldea Grove\1\Finishing\Front Right Diagonal\1785911458180.jpg,Aldea Grove\1,finishing,validation
AldeaGrove_1_4110e01a.jpg,Aldea Grove\1\Finishing\Left\1783913719934.jpg,Aldea Grove\1,finishing,validation
AldeaGrove_1_45c25b61.jpg,Aldea Grove\1\Finishing\Left\1785911458390.jpg,Aldea Grove\1,finishing,validation
AldeaGrove_1_482158d2.jpg,Aldea Grove\1\Finishing\1786766374375.jpg,Aldea Grove\1,finishing,validation
AldeaGrove_1_759a4cdb.jpg,Aldea Grove\1\Finishing\Front\1785911458237.jpg,Aldea Grove\1,finishing,validation
AldeaGrove_1_bab1293a.jpg,Aldea Grove\1\Finishing\Left\1783913719906.jpg,Aldea Grove\1,finishing,validation
AldeaGrove_1_c177c2eb.jpg,Aldea Grove\1\Finishing\1786766374360.jpg,Aldea Grove\1,finishing,validation
AldeaGrove_1_c214577c.jpg,Aldea Grove\1\Finishing\Front Left Diagonal\1783913719967.jpg,Aldea Grove\1,finishing,validation
AldeaGrove_1_c5be2088.jpg,Aldea Grove\1\Finishing\Front Left Diagonal\1785911458153.jpg,Aldea Grove\1,finishing,validation
AldeaGrove_1_d0a6552d.jpg,Aldea Grove\1\Finishing\1786766374957.jpg,Aldea Grove\1,finishing,validation
AldeaGrove_1_df7f1866.jpg,Aldea Grove\1\Finishing\Left\1785911458329.jpg,Aldea Grove\1,finishing,validation
AldeaGrove_1_e3dde24c.jpg,Aldea Grove\1\Finishing\Right\1785911458211.jpg,Aldea Grove\1,finishing,validation
AldeaGrove_1_e654bb50.jpg,Aldea Grove\1\Finishing\1786766374927.jpg,Aldea Grove\1,finishing,validation
AldeaGrove_2_040f969c.jpg,Aldea Grove\2\Finishing\Front Right Diagonal\1786766374308.jpg,Aldea Grove\2,finishing,validation
AldeaGrove_2_04f47b16.jpg,Aldea Grove\2\Finishing\Right\1786766374275.jpg,Aldea Grove\2,finishing,validation
AldeaGrove_2_0ba25fcc.jpg,Aldea Grove\2\Finishing\Front Left Diagonal\1785912053471.jpg,Aldea Grove\2,finishing,validation
AldeaGrove_2_0c37c9fe.jpg,Aldea Grove\2\Finishing\Front\1786766374291.jpg,Aldea Grove\2,finishing,validation
AldeaGrove_2_136866cd.jpg,Aldea Grove\2\Finishing\Back\1786766374207.jpg,Aldea Grove\2,finishing,validation
AldeaGrove_2_3cb606c2.jpg,Aldea Grove\2\Finishing\Back Left Diagonal\1785912187322.jpg,Aldea Grove\2,finishing,validation
AldeaGrove_2_424703b6.jpg,Aldea Grove\2\Finishing\Back\1785912187297.jpg,Aldea Grove\2,finishing,validation
AldeaGrove_2_4faf58e0.jpg,Aldea Grove\2\Finishing\Front Left Diagonal\1786766374700.jpg,Aldea Grove\2,finishing,validation
AldeaGrove_2_61eab3f8.jpg,Aldea Grove\2\Finishing\Front Right Diagonal\1786766374324.jpg,Aldea Grove\2,finishing,validation
AldeaGrove_2_65156363.jpg,Aldea Grove\2\Finishing\Back Right Diagonal\1786766374176.jpg,Aldea Grove\2,finishing,validation
AldeaGrove_2_66fbc51e.jpg,Aldea Grove\2\Finishing\Back Left Diagonal\1786766374219.jpg,Aldea Grove\2,finishing,validation
AldeaGrove_2_69bac5cf.jpg,Aldea Grove\2\Finishing\Back Left Diagonal\1786766374259.jpg,Aldea Grove\2,finishing,validation
AldeaGrove_2_7ca8e9d0.jpg,Aldea Grove\2\Finishing\Front Left Diagonal\1785912187397.jpg,Aldea Grove\2,finishing,validation
AldeaGrove_2_7db3a518.jpg,Aldea Grove\2\Finishing\Front Left Diagonal\1785912248744.jpg,Aldea Grove\2,finishing,validation
AldeaGrove_2_81ea2200.jpg,Aldea Grove\2\Finishing\Front Left Diagonal\1785912138224.jpg,Aldea Grove\2,finishing,validation
AldeaGrove_2_867d5782.jpg,Aldea Grove\2\Finishing\Right\1785912138173.jpg,Aldea Grove\2,finishing,validation
AldeaGrove_2_88e2bb8c.jpg,Aldea Grove\2\Finishing\Back Left Diagonal\1786766374241.jpg,Aldea Grove\2,finishing,validation
AldeaGrove_2_93a49bf3.jpg,Aldea Grove\2\Finishing\Front Right Diagonal\1786766374766.jpg,Aldea Grove\2,finishing,validation
AldeaGrove_2_9454ccc3.jpg,Aldea Grove\2\Finishing\Front\1786766374735.jpg,Aldea Grove\2,finishing,validation
AldeaGrove_2_95d7e08a.jpg,Aldea Grove\2\Finishing\Back Left Diagonal\1786766374630.jpg,Aldea Grove\2,finishing,validation
AldeaGrove_2_a114d01d.jpg,Aldea Grove\2\Finishing\Right\1785912248717.jpg,Aldea Grove\2,finishing,validation
AldeaGrove_2_a3263253.jpg,Aldea Grove\2\Finishing\Front Left Diagonal\1785912187421.jpg,Aldea Grove\2,finishing,validation
AldeaGrove_2_aac89ef9.jpg,Aldea Grove\2\Finishing\Right\1785912053548.jpg,Aldea Grove\2,finishing,validation
AldeaGrove_2_b3007645.jpg,Aldea Grove\2\Finishing\Front Left Diagonal\1785912053485.jpg,Aldea Grove\2,finishing,validation
AldeaGrove_2_bc1e8449.jpg,Aldea Grove\2\Finishing\Back\1786766374192.jpg,Aldea Grove\2,finishing,validation
AldeaGrove_2_bedce40e.jpg,Aldea Grove\2\Finishing\Right\1785912187338.jpg,Aldea Grove\2,finishing,validation
AldeaGrove_2_bf9cf6ae.jpg,Aldea Grove\2\Finishing\Back Right Diagonal\1786766374569.jpg,Aldea Grove\2,finishing,validation
AldeaGrove_2_c2849d58.jpg,Aldea Grove\2\Finishing\Back Left Diagonal\1785912138153.jpg,Aldea Grove\2,finishing,validation
AldeaGrove_2_cc92537d.jpg,Aldea Grove\2\Finishing\Front Left Diagonal\1785912138242.jpg,Aldea Grove\2,finishing,validation
AldeaGrove_2_d6c979ec.jpg,Aldea Grove\2\Finishing\Back\1786766374599.jpg,Aldea Grove\2,finishing,validation
AldeaGrove_2_f71744d7.jpg,Aldea Grove\2\Finishing\Back Right Diagonal\1785912187282.jpg,Aldea Grove\2,finishing,validation
AldeaGrove_2_f8ff7842.jpg,Aldea Grove\2\Finishing\Right\1786766374660.jpg,Aldea Grove\2,finishing,validation
AldeaGrove_2_fd149f4e.jpg,Aldea Grove\2\Finishing\Right\1785912001660.jpg,Aldea Grove\2,finishing,validation
AldeaGrove_1_0f1d2b15.jpg,Aldea Grove\1\Foundation\1785911458424.jpg,Aldea Grove\1,foundation,validation
AldeaGrove_1_3665118d.jpg,Aldea Grove\1\Foundation\1783913719849.jpg,Aldea Grove\1,foundation,validation
AldeaGrove_1_4ee4a8bf.jpg,Aldea Grove\1\Foundation\1783913720061.jpg,Aldea Grove\1,foundation,validation
AldeaGrove_1_8461b58e.jpg,Aldea Grove\1\Foundation\1783913719876.jpg,Aldea Grove\1,foundation,validation
AldeaGrove_1_bf1cd398.jpg,Aldea Grove\1\Foundation\1783913720023.jpg,Aldea Grove\1,foundation,validation
AldeaGrove_2_09f2fd46.jpg,Aldea Grove\2\Roofing\Front Right Diagonal\1785912001513.jpg,Aldea Grove\2,roofing,validation
AldeaGrove_2_0d3c7757.jpg,Aldea Grove\2\Roofing\Back Right Diagonal\1785912053500.jpg,Aldea Grove\2,roofing,validation
AldeaGrove_2_0d7b16f4.jpg,Aldea Grove\2\Roofing\Front\1785912001528.jpg,Aldea Grove\2,roofing,validation
AldeaGrove_2_0e4a333d.jpg,Aldea Grove\2\Roofing\Front\1785912187440.jpg,Aldea Grove\2,roofing,validation
AldeaGrove_2_10b6910f.jpg,Aldea Grove\2\Roofing\Back Left diagonal\1785911483569.jpg,Aldea Grove\2,roofing,validation
AldeaGrove_2_12ea46a6.jpg,Aldea Grove\2\Roofing\Back\1785911483591.jpg,Aldea Grove\2,roofing,validation
AldeaGrove_2_181cf130.jpg,Aldea Grove\2\Roofing\Front Right Diagonal\1785912053565.jpg,Aldea Grove\2,roofing,validation
AldeaGrove_2_1d37c5a5.jpg,Aldea Grove\2\Roofing\Front\1783913719812.jpg,Aldea Grove\2,roofing,validation
AldeaGrove_2_21c8ba55.jpg,Aldea Grove\2\Roofing\Front Right Diagonal\1785912138203.jpg,Aldea Grove\2,roofing,validation
AldeaGrove_2_22216e0c.jpg,Aldea Grove\2\Roofing\Front\1785912053457.jpg,Aldea Grove\2,roofing,validation
AldeaGrove_2_244797aa.jpg,Aldea Grove\2\Roofing\Front Right Diagonal\1785911483502.jpg,Aldea Grove\2,roofing,validation
AldeaGrove_2_2a2b8555.jpg,Aldea Grove\2\Roofing\Back\1785911891475.jpg,Aldea Grove\2,roofing,validation
AldeaGrove_2_2d14a0a0.jpg,Aldea Grove\2\Roofing\Front\1783913719752.jpg,Aldea Grove\2,roofing,validation
AldeaGrove_2_2f1e7998.jpg,Aldea Grove\2\Roofing\Back Right Diagonal\1785911483611.jpg,Aldea Grove\2,roofing,validation
AldeaGrove_2_41db4635.jpg,Aldea Grove\2\Roofing\Front Right Diagonal\1785912248811.jpg,Aldea Grove\2,roofing,validation
AldeaGrove_2_4513852d.jpg,Aldea Grove\2\Roofing\Back Left diagonal\1785911483550.jpg,Aldea Grove\2,roofing,validation
AldeaGrove_2_4fb7b7d6.jpg,Aldea Grove\2\Roofing\Back\1785912001612.jpg,Aldea Grove\2,roofing,validation
AldeaGrove_2_5d485c45.jpg,Aldea Grove\2\Roofing\Front Left Diagonal\1785911483667.jpg,Aldea Grove\2,roofing,validation
AldeaGrove_2_5ee80b4f.jpg,Aldea Grove\2\Roofing\Front Left Diagonal\_storage_emulated_0_Android_data_com.miui.gallery_cache_SecurityShare_1785911891552.jpg,Aldea Grove\2,roofing,validation
AldeaGrove_2_6acf48d6.jpg,Aldea Grove\2\Roofing\Front\1785912248857.jpg,Aldea Grove\2,roofing,validation
AldeaGrove_2_74217c4a.jpg,Aldea Grove\2\Roofing\Right\1785911891508.jpg,Aldea Grove\2,roofing,validation
AldeaGrove_2_7810653c.jpg,Aldea Grove\2\Roofing\Front\1785912138258.jpg,Aldea Grove\2,roofing,validation
AldeaGrove_2_78d7c4ba.jpg,Aldea Grove\2\Roofing\Back Right Diagonal\1785912001584.jpg,Aldea Grove\2,roofing,validation
AldeaGrove_2_7d5a67ae.jpg,Aldea Grove\2\Roofing\Front Right Diagonal\1785911483490.jpg,Aldea Grove\2,roofing,validation
AldeaGrove_2_81b64f87.jpg,Aldea Grove\2\Roofing\Front\1785911891410.jpg,Aldea Grove\2,roofing,validation
AldeaGrove_2_89b4f327.jpg,Aldea Grove\2\Roofing\Right\1785911483516.jpg,Aldea Grove\2,roofing,validation
AldeaGrove_2_8ba5314b.jpg,Aldea Grove\2\Roofing\Front\1785911891392.jpg,Aldea Grove\2,roofing,validation
AldeaGrove_2_8c50ad61.jpg,Aldea Grove\2\Roofing\Front Right Diagonal\1785911891537.jpg,Aldea Grove\2,roofing,validation
AldeaGrove_2_9478e1da.jpg,Aldea Grove\2\Roofing\Front Right Diagonal\1785912138189.jpg,Aldea Grove\2,roofing,validation
AldeaGrove_2_95e64269.jpg,Aldea Grove\2\Roofing\Back Right Diagonal\1785911891459.jpg,Aldea Grove\2,roofing,validation
AldeaGrove_2_a0d8062a.jpg,Aldea Grove\2\Roofing\Front Right Diagonal\1785912187357.jpg,Aldea Grove\2,roofing,validation
AldeaGrove_2_ae9d21b0.jpg,Aldea Grove\2\Roofing\Back Left diagonal\1785912001642.jpg,Aldea Grove\2,roofing,validation
AldeaGrove_2_b709922a.jpg,Aldea Grove\2\Roofing\Front Right Diagonal\1785912001684.jpg,Aldea Grove\2,roofing,validation
AldeaGrove_2_b9c00ba2.jpg,Aldea Grove\2\Roofing\Back Left diagonal\1785912053533.jpg,Aldea Grove\2,roofing,validation
AldeaGrove_2_bb641dc1.jpg,Aldea Grove\2\Roofing\Front Left Diagonal\1785912001566.jpg,Aldea Grove\2,roofing,validation
AldeaGrove_2_bced377d.jpg,Aldea Grove\2\Roofing\Right\1785911483530.jpg,Aldea Grove\2,roofing,validation
AldeaGrove_2_bdf8b78f.jpg,Aldea Grove\2\Roofing\Front Left Diagonal\1785912001549.jpg,Aldea Grove\2,roofing,validation
AldeaGrove_2_c1d2255f.jpg,Aldea Grove\2\Roofing\Front Left Diagonal\1785911483686.jpg,Aldea Grove\2,roofing,validation
AldeaGrove_2_cca76de3.jpg,Aldea Grove\2\Roofing\Back\1785912053516.jpg,Aldea Grove\2,roofing,validation
AldeaGrove_2_cd326367.jpg,Aldea Grove\2\Roofing\Left\1785911483645.jpg,Aldea Grove\2,roofing,validation
AldeaGrove_2_cd35451b.jpg,Aldea Grove\2\Roofing\Front Right Diagonal\1785912187378.jpg,Aldea Grove\2,roofing,validation
AldeaGrove_2_d8a1b2f5.jpg,Aldea Grove\2\Roofing\Front\1783913719722.jpg,Aldea Grove\2,roofing,validation
AldeaGrove_2_d9211292.jpg,Aldea Grove\2\Roofing\Front Right Diagonal\1785911891521.jpg,Aldea Grove\2,roofing,validation
AldeaGrove_2_d9a3e219.jpg,Aldea Grove\2\Roofing\Front\1783913719781.jpg,Aldea Grove\2,roofing,validation
AldeaGrove_2_e84a9402.jpg,Aldea Grove\2\Roofing\Front\1785911891425.jpg,Aldea Grove\2,roofing,validation
AldeaGrove_2_e91263d1.jpg,Aldea Grove\2\Roofing\Front\1785911483708.jpg,Aldea Grove\2,roofing,validation
AldeaGrove_2_ec654364.jpg,Aldea Grove\2\Roofing\Front Left Diagonal\1785911891567.jpg,Aldea Grove\2,roofing,validation
AldeaGrove_2_fb20776e.jpg,Aldea Grove\2\Roofing\Front\1785911891371.jpg,Aldea Grove\2,roofing,validation
AldeaGrove_2_fbe30c09.jpg,Aldea Grove\2\Roofing\Back Left diagonal\1785911891493.jpg,Aldea Grove\2,roofing,validation
AldeaGrove_2_ffd314a8.jpg,Aldea Grove\2\Roofing\Left\1785911891443.jpg,Aldea Grove\2,roofing,validation
AldeaGrove_2_0c16217e.jpg,Aldea Grove\2\Structural\Front Right Diagonal\Copy of 1785911891521.jpg,Aldea Grove\2,structural,validation
AldeaGrove_2_149710d9.jpg,Aldea Grove\2\Structural\Front\Copy of 1785911891425.jpg,Aldea Grove\2,structural,validation
AldeaGrove_2_1a24a13e.jpg,Aldea Grove\2\Structural\Front Left Diagonal\Copy of 1785911891567.jpg,Aldea Grove\2,structural,validation
AldeaGrove_2_1e674c28.jpg,Aldea Grove\2\Structural\Front Left Diagonal\Copy of 1785912001549.jpg,Aldea Grove\2,structural,validation
AldeaGrove_2_223c1abc.jpg,Aldea Grove\2\Structural\Front\Copy of 1785912053457.jpg,Aldea Grove\2,structural,validation
AldeaGrove_2_232d21ab.jpg,Aldea Grove\2\Structural\Back\Copy of 1785911891475.jpg,Aldea Grove\2,structural,validation
AldeaGrove_2_244daf87.jpg,Aldea Grove\2\Structural\Front Right Diagonal\Copy of 1785912001513.jpg,Aldea Grove\2,structural,validation
AldeaGrove_2_38001dc1.jpg,Aldea Grove\2\Structural\Back Left Diagonal\Copy of 1785912001642.jpg,Aldea Grove\2,structural,validation
AldeaGrove_2_3a1c13b0.jpg,Aldea Grove\2\Structural\Front Right Diagonal\Copy of 1785912187378.jpg,Aldea Grove\2,structural,validation
AldeaGrove_2_3f175732.jpg,Aldea Grove\2\Structural\Back Right Diagonal\Copy of 1785911891459.jpg,Aldea Grove\2,structural,validation
AldeaGrove_2_3f26b740.jpg,Aldea Grove\2\Structural\Front Right Diagonal\Copy of 1785912187357.jpg,Aldea Grove\2,structural,validation
AldeaGrove_2_40937bfc.jpg,Aldea Grove\2\Structural\Front Right Diagonal\Copy of 1785912053565.jpg,Aldea Grove\2,structural,validation
AldeaGrove_2_4eed2511.jpg,Aldea Grove\2\Structural\Left\Copy of 1785911483645.jpg,Aldea Grove\2,structural,validation
AldeaGrove_2_52c00476.jpg,Aldea Grove\2\Structural\Back Left Diagonal\Copy of 1785911483550.jpg,Aldea Grove\2,structural,validation
AldeaGrove_2_5783adc3.jpg,Aldea Grove\2\Structural\Front Right Diagonal\Copy of 1785911483490.jpg,Aldea Grove\2,structural,validation
AldeaGrove_2_5b7a4838.jpg,Aldea Grove\2\Structural\Back Left Diagonal\Copy of 1785912053533.jpg,Aldea Grove\2,structural,validation
AldeaGrove_2_605bc133.jpg,Aldea Grove\2\Structural\Front Right Diagonal\Copy of 1785912138203.jpg,Aldea Grove\2,structural,validation
AldeaGrove_2_639b4878.jpg,Aldea Grove\2\Structural\Back Right Diagonal\Copy of 1785911483611.jpg,Aldea Grove\2,structural,validation
AldeaGrove_2_660991e9.jpg,Aldea Grove\2\Structural\Front\Copy of 1785912001528.jpg,Aldea Grove\2,structural,validation
AldeaGrove_2_6ed58e31.jpg,Aldea Grove\2\Structural\Left\Copy of 1785911891443.jpg,Aldea Grove\2,structural,validation
AldeaGrove_2_705a1fce.jpg,Aldea Grove\2\Structural\Back Left Diagonal\Copy of 1785911891493.jpg,Aldea Grove\2,structural,validation
AldeaGrove_2_747a814d.jpg,Aldea Grove\2\Structural\Front\Copy of 1785911891410.jpg,Aldea Grove\2,structural,validation
AldeaGrove_2_762e4575.jpg,Aldea Grove\2\Structural\Front Left Diagonal\Copy of _storage_emulated_0_Android_data_com.miui.gallery_cache_SecurityShare_1785911891552.jpg,Aldea Grove\2,structural,validation
AldeaGrove_2_7eb6a523.jpg,Aldea Grove\2\Structural\Front\Copy of 1785911483708.jpg,Aldea Grove\2,structural,validation
AldeaGrove_2_7fd8a1cd.jpg,Aldea Grove\2\Structural\Front\Copy of 1785912138258.jpg,Aldea Grove\2,structural,validation
AldeaGrove_2_80b31941.jpg,Aldea Grove\2\Structural\Front\Copy of 1785912248857.jpg,Aldea Grove\2,structural,validation
AldeaGrove_2_849114ef.jpg,Aldea Grove\2\Structural\Front\Copy of 1783913719752.jpg,Aldea Grove\2,structural,validation
AldeaGrove_2_8d2a6be4.jpg,Aldea Grove\2\Structural\Front\Copy of 1783913719812.jpg,Aldea Grove\2,structural,validation
AldeaGrove_2_9073cc66.jpg,Aldea Grove\2\Structural\Front\Copy of 1785912187440.jpg,Aldea Grove\2,structural,validation
AldeaGrove_2_90c2d171.jpg,Aldea Grove\2\Structural\Front Right Diagonal\Copy of 1785911891537.jpg,Aldea Grove\2,structural,validation
AldeaGrove_2_981d0062.jpg,Aldea Grove\2\Structural\Front\Copy of 1783913719722.jpg,Aldea Grove\2,structural,validation
AldeaGrove_2_99570203.jpg,Aldea Grove\2\Structural\Right\Copy of 1785911483516.jpg,Aldea Grove\2,structural,validation
AldeaGrove_2_9e859744.jpg,Aldea Grove\2\Structural\Back\Copy of 1785911483591.jpg,Aldea Grove\2,structural,validation
AldeaGrove_2_a168e901.jpg,Aldea Grove\2\Structural\Right\Copy of 1785911891508.jpg,Aldea Grove\2,structural,validation
AldeaGrove_2_a59dabd4.jpg,Aldea Grove\2\Structural\Front Right Diagonal\Copy of 1785912248811.jpg,Aldea Grove\2,structural,validation
AldeaGrove_2_bc3f0593.jpg,Aldea Grove\2\Structural\Front Left Diagonal\Copy of 1785911483667.jpg,Aldea Grove\2,structural,validation
AldeaGrove_2_bf753452.jpg,Aldea Grove\2\Structural\Front\Copy of 1785911891371.jpg,Aldea Grove\2,structural,validation
AldeaGrove_2_c4b48297.jpg,Aldea Grove\2\Structural\Back\Copy of 1785912053516.jpg,Aldea Grove\2,structural,validation
AldeaGrove_2_c5c54bd4.jpg,Aldea Grove\2\Structural\Front Right Diagonal\Copy of 1785912001684.jpg,Aldea Grove\2,structural,validation
AldeaGrove_2_c7ccab49.jpg,Aldea Grove\2\Structural\Front Right Diagonal\Copy of 1785911483502.jpg,Aldea Grove\2,structural,validation
AldeaGrove_2_caf939ee.jpg,Aldea Grove\2\Structural\Back Left Diagonal\Copy of 1785911483569.jpg,Aldea Grove\2,structural,validation
AldeaGrove_2_cf627574.jpg,Aldea Grove\2\Structural\Front Left Diagonal\Copy of 1785912001566.jpg,Aldea Grove\2,structural,validation
AldeaGrove_2_d7702e9b.jpg,Aldea Grove\2\Structural\Front\Copy of 1783913719781.jpg,Aldea Grove\2,structural,validation
AldeaGrove_2_d83b6730.jpg,Aldea Grove\2\Structural\Front Right Diagonal\Copy of 1785912138189.jpg,Aldea Grove\2,structural,validation
AldeaGrove_2_dc680092.jpg,Aldea Grove\2\Structural\Right\Copy of 1785911483530.jpg,Aldea Grove\2,structural,validation
AldeaGrove_2_dc9c5d1f.jpg,Aldea Grove\2\Structural\Back Right Diagonal\Copy of 1785912053500.jpg,Aldea Grove\2,structural,validation
AldeaGrove_2_f0d02386.jpg,Aldea Grove\2\Structural\Back\Copy of 1785912001612.jpg,Aldea Grove\2,structural,validation
AldeaGrove_2_f926b853.jpg,Aldea Grove\2\Structural\Front Left Diagonal\Copy of 1785911483686.jpg,Aldea Grove\2,structural,validation
AldeaGrove_2_fea502c9.jpg,Aldea Grove\2\Structural\Front\Copy of 1785911891392.jpg,Aldea Grove\2,structural,validation
